Workbook

Sheet PROGRAMME 2014
B2: OCT. 2012 | F2: NOV. 2012 | J2: DEC. 2012 | N2: 41640 | R2: 41671 | V2: 41699 | Z2: 41730 | AD2: 41760 | AH2: 41791 | AL2: 41821 | AP2: 41852 | AT2: 41883 | AX2: 41913 | BB2: 41944 | BF2: 41974 | BJ2: COMMENTAIRES
N3: 5 | O3: 12 | P3: 19 | Q3: 26
A4: E. Raude | BJ4: Campagne Terminée - Annonce découverte et poursuite en S1/2015 - Départ 06/2014 des équipes sur place.
A6: TEPCI
A7: West Leo | BJ7: Cas de Force majeure / Campagne en suspend suite enquête US DoJ
A9: Tullow Guinea
A10: New Rig - Espoir | BJ10: Rencontre faites avec SK-Drilling (Contact : Eoin Christie). Rig prévu arrivée en juin 2014 - Manutention démarre 08/2014 avec équipes dédiées
A12: CNR
A13: New Rig - Baobab
A15: CNR
A16: B. Dolphin
A18: Anadarko
BJ19: Annonce du retrait de l'appel d'offre - Situation du projet inconnu.
A20: E. Raude - VTO
A22: Foxtrot Rig | BJ22: Démarrage manutention prévue début S2/2014 avec équipement dédié
A24: Foxtrot
A25: E. Raude | BJ25: Campagne terminée - Pas d'annonce de découverte.
A27: Lukoil
A28: Ops Foxtrot
A30: SUBTEC
A31: Marlin Project
A33: ORTEC / FRIEDLANDER
A34: Services (seismic) | BJ34: Campagne terminée
A36: CGG
A37: West Tellus
A39: CHEVRON Liberia
A41: TRANSIT | U41: TRANSIT + CONSIGNATION | AJ41: OPS Sur Base ALCI (touchées de quai) | AX41: MANUTENTION
A44: TRANSIT + MANUT | U44: MANUTENTION + CONSIGNATION | AJ44: OPS Sur Base SEPBA Vridi | AX44: A DEFINIR
A47: TRANSIT + MANUT + CONSIGNATION

Sheet SOA Envoyés
B2: 42736 | C2: 42767 | D2: 42795 | E2: 42826 | F2: 42856 | G2: 42887 | H2: 42917 | I2: 42948 | J2: 42979 | K2: 43009 | L2: 43040 | M2: 43070
A3: Anadarko | B3: x | C3: x
A4: Baker Hugues | B4: x | C4: x
A5: CNR
A6: ExxonMobil | C6: x
A7: EXPRO GROUP NORTH SEA / S-Traitant | B7: x
A8: FOXTROT
A9: GLOBAL ENERGY
A10: HALLIBURTON | B10: x | C10: x
A11: MI
A12: NOPCI - MODEC
A13: Prosafe
A14: SCHLUMBERGER
A15: Sapura Kencana Drilling | B15: x
A16: SUBTEC
A17: TOTAL E&P COTE D'IVOIRE
A18: WEATHERFORD | B18: x | C18: x
A19: Weltec

Sheet Représentations
A2: Taux de rétrocessions (%)
A3: Département | B3: Janvier | C3: Février | D3: Mars | E3: Avril | F3: Mai | G3: Juin | H3: Juillet | I3: Août | J3: Septembre | K3: Octobre | L3: Novembre | M3: Décembre
A4: Import Maritime | B4: =Janvier!E53 | C4: 0 | D4: =Mars!E53 | E4: =Avril!E53 | F4: =Mai!E53 | G4: =Juin!E53 | H4: =Juillet!E53 | I4: =Aout!E53 | J4: =Septembre!E53 | K4: =Octobre!E53 | L4: =Novembre!E53 | M4: =Décembre!E53
A5: Hinterland | B5: =Janvier!F53 | C5: =Février!F53 | D5: =Mars!F53 | E5: =Avril!F53 | F5: =Mai!F53 | G5: =Juin!F53 | H5: =Juillet!F53 | I5: =Aout!F53 | J5: =Septembre!F53 | K5: =Octobre!F53 | L5: =Novembre!F53 | M5: =Décembre!F53
A6: Aérien | B6: =Janvier!I53 | C6: =Février!I53 | D6: =Mars!I53 | E6: =Avril!I53 | F6: =Mai!I53 | G6: =Juin!I53 | H6: =Juillet!I53 | I6: =Aout!I53 | J6: =Septembre!I53 | K6: =Octobre!I53 | L6: =Novembre!I53 | M6: =Décembre!I53
A7: Export Maritime | B7: =Janvier!J53 | C7: =Février!J53 | D7: =Mars!J53 | E7: =Avril!J53 | F7: =Mai!J53 | G7: =Juin!J53 | H7: =Juillet!J53 | I7: =Aout!J53 | J7: =Septembre!J53 | K7: =Octobre!J53 | L7: =Novembre!J53 | M7: =Décembre!J53
A8: SIRT (dédié) | B8: =Janvier!#REF! | C8: =Février!N53 | D8: =Mars!K53 | E8: =Avril!K53 | F8: =Mai!K53 | G8: =Juin!K53 | H8: =Juillet!K53 | I8: =Aout!K53 | J8: =Septembre!K53 | K8: =Octobre!K53 | L8: =Novembre!K53 | M8: =Décembre!K53
A27: Volume de rétrocessions (FCFA)
A28: Département | B28: Janvier | C28: Février | D28: Mars | E28: Avril | F28: Mai | G28: Juin | H28: Juillet | I28: Août | J28: Septembre | K28: Octobre | L28: Novembre | M28: Décembre
A29: Import Maritime | B29: =Janvier!E52 | C29: =Février!E52 | D29: =Mars!E52 | E29: =Avril!E52 | F29: =Mai!E52 | G29: =Juin!E52 | H29: =Juillet!E52 | I29: =Aout!E52 | J29: =Septembre!E52 | K29: =Octobre!E52 | L29: =Novembre!E52 | M29: =Décembre!E52
A30: Hinterland | B30: =Janvier!F52 | C30: =Février!F52 | D30: =Mars!F52 | E30: =Avril!F52 | F30: =Mai!F52 | G30: =Juin!F52 | H30: =Juillet!F52 | I30: =Aout!F52 | J30: =Septembre!F52 | K30: =Octobre!F52 | L30: =Novembre!F52 | M30: =Décembre!F52
A31: Aérien | B31: =Janvier!I52 | C31: =Février!I52 | D31: =Mars!I52 | E31: =Avril!I52 | F31: =Mai!I52 | G31: =Juin!I52 | H31: =Juillet!I52 | I31: =Aout!I52 | J31: =Septembre!I52 | K31: =Octobre!I52 | L31: =Novembre!I52 | M31: =Décembre!I52
A32: Export Maritime | B32: =Janvier!J52 | C32: =Février!J52 | D32: =Mars!J52 | E32: =Avril!J52 | F32: =Mai!J52 | G32: =Juin!J52 | H32: =Juillet!J52 | I32: =Aout!J52 | J32: =Septembre!J52 | K32: =Octobre!J52 | L32: =Novembre!J52 | M32: =Décembre!J52
A33: SIRT (dédié) | B33: =Janvier!#REF! | C33: =Février!N52 | D33: =Mars!K52 | E33: =Avril!K52 | F33: =Mai!K52 | G33: =Juin!K52 | H33: =Juillet!K52 | I33: =Aout!K52 | J33: =Septembre!K52 | K33: =Octobre!K52 | L33: =Novembre!K52 | M33: =Décembre!K52
A54: Volume de CA généré par les Dpt sur l'activité O&G (FCFA)
A55: Département | B55: Janvier | C55: Février | D55: Mars | E55: Avril | F55: Mai | G55: Juin | H55: Juillet | I55: Août | J55: Septembre | K55: Octobre | L55: Novembre | M55: Décembre
A56: Import Maritime | B56: =Janvier!E51 | C56: =Février!E51 | D56: =Mars!E51 | E56: =Avril!E51 | F56: =Mai!E51 | G56: =Juin!E51 | H56: =Juillet!E51 | I56: =Aout!E51 | J56: =Septembre!E51 | K56: =Octobre!E51 | L56: =Novembre!E51 | M56: =Décembre!E51
A57: Hinterland | B57: =Janvier!F51 | C57: =Février!F51 | D57: =Mars!F51 | E57: =Avril!F51 | F57: =Mai!F51 | G57: =Juin!F51 | H57: =Juillet!F51 | I57: =Aout!F51 | J57: =Septembre!F51 | K57: =Octobre!F51 | L57: =Novembre!F51 | M57: =Décembre!F51
A58: Aérien | B58: =Janvier!I51 | C58: =Février!I51 | D58: =Mars!I51 | E58: =Avril!I51 | F58: =Mai!I51 | G58: =Juin!I51 | H58: =Juillet!I51 | I58: =Aout!I51 | J58: =Septembre!I51 | K58: =Octobre!I51 | L58: =Novembre!I51 | M58: =Décembre!I51
A59: Export Maritime | B59: =Janvier!J51 | C59: =Février!J51 | D59: =Mars!J51 | E59: =Avril!J51 | F59: =Mai!J51 | G59: =Juin!J51 | H59: =Juillet!J51 | I59: =Aout!J51 | J59: =Septembre!J51 | K59: =Octobre!J51 | L59: =Novembre!J51 | M59: =Décembre!J51
A60: CA BASE | B60: 333829612 | C60: 205124188 | D60: 292894213 | E60: 319413776 | F60: 225715537 | G60: 207075389 | H60: 295412277 | I60: 224962510 | J60: 281259944 | K60: 292800598 | L60: 527147802 | M60: 398175063
A81: Evolution CA Base O&G (FCFA)
A82: Section | B82: Janvier | C82: Février | D82: Mars | E82: Avril | F82: Mai | G82: Juin | H82: Juillet | I82: Août | J82: Septembre | K82: Octobre | L82: Novembre | M82: Décembre
A83: Loyers | B83: =Janvier!B51 | C83: =Février!B51 | D83: =Mars!B51 | E83: =Avril!B51 | F83: =Mai!B51 | G83: =Juin!B51 | H83: =Juillet!B51 | I83: =Aout!B51 | J83: =Septembre!B51 | K83: =Octobre!B51 | L83: =Novembre!B51 | M83: =Décembre!B51
A84: Log & Divers | B84: =Janvier!C51 | C84: =Février!C51 | D84: =Mars!C51 | E84: =Avril!C51 | F84: =Mai!C51 | G84: =Juin!C51 | H84: =Juillet!C51 | I84: =Aout!C51 | J84: =Septembre!C51 | K84: =Octobre!C51 | L84: =Novembre!C51 | M84: =Décembre!C51
A85: Rétrocession | B85: =Janvier!N52 | C85: =Février!O52 | D85: =Mars!L52 | E85: =Avril!L52 | F85: =Mai!L52 | G85: =Juin!L52 | H85: =Juillet!L52 | I85: =Aout!L52 | J85: =Septembre!L52 | K85: =Octobre!L52 | L85: =Novembre!L52 | M85: =Décembre!L52
A86: CA BASE | B86: =SUBTOTAL(109,B83:B85) | C86: =SUBTOTAL(109,C83:C85) | D86: =SUBTOTAL(109,D83:D85) | E86: =SUBTOTAL(109,E83:E85) | F86: =SUBTOTAL(109,F83:F85) | G86: =SUBTOTAL(109,G83:G85) | H86: =SUBTOTAL(109,H83:H85) | I86: =SUBTOTAL(109,I83:I85) | ... M86: =SUBTOTAL(109,M83:M85)

Sheet Evolution clients
A4: Anadarko | B4: Logistique | C4: IMAR | D4: HINT | E4: IAER | F4: EAER | G4: AERIEN | H4: EXPORT | I4: SIRT | J4: Afritramp | K4: Meet & Greet | L4: Total mensuel | M4: Total mensuel | N4: Cumul
A5: Janvier | B5: =Janvier!D$6 | C5: =Janvier!E$6 | D5: =Janvier!F$6 | E5: =Janvier!G$6 | F5: =Janvier!H$6 | G5: =Janvier!I$6 | H5: =Janvier!J$6 | I5: =Janvier!K$6 | ... K5: =Janvier!M$6 | L5: =B5+C5+D5+E5+F5+H5+J5+K5 | M5: =L5/655.957 | N5: =M5
A6: Février | B6: =Février!D6 | C6: =Février!E6 | D6: =Février!F6 | E6: =Février!G6 | F6: =Février!H6 | G6: =Février!I6 | H6: =Février!J6 | I6: =Février!K6 | ... K6: =Février!M6 | L6: =B6+C6+D6+E6+F6+H6+J6+K6 | M6: =L6/655.957 | N6: =N5+M6
A7: Mars | B7: =Mars!D6 | C7: =Mars!E6 | D7: =Mars!F6 | E7: =Mars!G6 | F7: =Mars!H6 | G7: =Mars!I6 | H7: =Mars!J6 | I7: =Mars!K6 | ... K7: =Mars!M6 | L7: =B7+C7+D7+E7+F7+H7+J7+K7 | M7: =L7/655.957 | N7: =N6+M7
A8: Avril | B8: =Avril!D6 | C8: =Avril!E6 | D8: =Avril!F6 | E8: =Avril!G6 | F8: =Avril!H6 | G8: =Avril!I6 | H8: =Avril!J6 | I8: =Avril!K6 | ... K8: =Avril!M6 | L8: =B8+C8+D8+E8+F8+H8+J8+K8 | M8: =L8/655.957 | N8: =N7+M8
A9: Mai | B9: =Mai!D6 | C9: =Mai!E6 | D9: =Mai!F6 | E9: =Mai!G6 | F9: =Mai!H6 | G9: =Mai!I6 | H9: =Mai!J6 | I9: =Mai!K6 | ... K9: =Mai!M6 | L9: =B9+C9+D9+E9+F9+H9+J9+K9 | M9: =L9/655.957 | N9: =N8+M9
A10: Juin | B10: =Juin!D6 | C10: =Juin!E6 | D10: =Juin!F6 | E10: =Juin!G6 | F10: =Juin!H6 | G10: =Juin!I6 | H10: =Juin!J6 | I10: =Juin!K6 | ... K10: =Juin!M6 | L10: =B10+C10+D10+E10+F10+H10+J10+K10 | M10: =L10/655.957 | N10: =N9+M10
A11: Juillet | B11: =Juillet!D6 | C11: =Juillet!E6 | D11: =Juillet!F6 | E11: =Juillet!G6 | F11: =Juillet!H6 | G11: =Juillet!I6 | H11: =Juillet!J6 | I11: =Juillet!K6 | ... K11: =Juillet!M6 | L11: =B11+C11+D11+E11+F11+H11+J11+K11 | M11: =L11/655.957 | N11: =N10+M11
A12: Août | B12: =Aout!D6 | C12: =Aout!E6 | D12: =Aout!F6 | E12: =Aout!G6 | F12: =Aout!H6 | G12: =Aout!I6 | H12: =Aout!J6 | I12: =Aout!K6 | ... K12: =Aout!M6 | L12: =B12+C12+D12+E12+F12+H12+J12+K12 | M12: =L12/655.957 | N12: =N11+M12
A13: Septembre | B13: =Septembre!D6 | C13: =Septembre!E6 | D13: =Septembre!F6 | E13: =Septembre!G6 | F13: =Septembre!H6 | G13: =Septembre!I6 | H13: =Septembre!J6 | I13: =Septembre!K6 | ... K13: =Septembre!M6 | L13: =B13+C13+D13+E13+F13+H13+J13+K13 | M13: =L13/655.957 | N13: =N12+M13
A14: Octobre | B14: =Octobre!D6 | C14: =Octobre!E6 | D14: =Octobre!F6 | E14: =Octobre!G6 | F14: =Octobre!H6 | G14: =Octobre!I6 | H14: =Octobre!J6 | I14: =Octobre!K6 | ... K14: =Octobre!M6 | L14: =B14+C14+D14+E14+F14+H14+J14+K14 | M14: =L14/655.957 | N14: =N13+M14
A15: Novembre | B15: =Novembre!D6 | C15: =Novembre!E6 | D15: =Novembre!F6 | E15: =Novembre!G6 | F15: =Novembre!H6 | G15: =Novembre!I6 | H15: =Novembre!J6 | I15: =Novembre!K6 | ... K15: =Novembre!M6 | L15: =B15+C15+D15+E15+F15+H15+J15+K15 | M15: =L15/655.957 | N15: =N14+M15
A16: Décembre | B16: =Décembre!D6 | C16: =Décembre!E6 | D16: =Décembre!F6 | E16: =Décembre!G6 | F16: =Décembre!H6 | G16: =Décembre!I6 | H16: =Décembre!J6 | I16: =Décembre!K6 | ... K16: =Décembre!M6 | L16: =B16+C16+D16+E16+F16+H16+J16+K16 | M16: =L16/655.957 | N16: =N15+M16
A17: Total Annuel (FCFA) | B17: =SUM(B5:B16) | C17: =SUM(C5:C16) | D17: =SUM(D5:D16) | E17: =SUM(E5:E16) | F17: =SUM(F5:F16) | G17: =SUM(G5:G16) | H17: =SUM(H5:H16) | I17: =SUM(I5:I16) | ... L17: =SUM(L5:L16)
A18: Total (€) | B18: =B17/655.957 | C18: =C17/655.957 | D18: =D17/655.957 | E18: =E17/655.957 | F18: =F17/655.957 | G18: =G17/655.957 | H18: =H17/655.957 | I18: =I17/655.957 | ... K18: =K17/655.957 | M18: =L17/655.957
A21: Baker Hughes | B21: Logistique | C21: IMAR | D21: HINT | E21: IAER | F21: EAER | G21: AERIEN | H21: EXPORT | I21: SIRT | J21: Afritramp | K21: Meet & Greet | L21: Total mensuel | M21: Total mensuel
A22: Janvier | B22: =Janvier!D7 | C22: =Janvier!E7 | D22: =Janvier!F7 | E22: =Janvier!G7 | F22: =Janvier!H7 | G22: =Janvier!I7 | H22: =Janvier!J7 | I22: =Janvier!K7 | ... K22: =Janvier!M7 | L22: =B22+C22+D22+E22+F22+H22+J22+K22 | M22: =L22/655.957
A23: Février | B23: =Février!D7 | C23: =Février!E7 | D23: =Février!F7 | E23: =Février!G7 | F23: =Février!H7 | G23: =Février!I7 | H23: =Février!J7 | I23: =Février!K7 | ... K23: =Février!M7 | L23: =B23+C23+D23+E23+F23+H23+J23+K23 | M23: =L23/655.957
A24: Mars | B24: =Mars!D7 | C24: =Mars!E7 | D24: =Mars!F7 | E24: =Mars!G7 | F24: =Mars!H7 | G24: =Mars!I7 | H24: =Mars!J7 | I24: =Mars!K7 | ... K24: =Mars!M7 | L24: =B24+C24+D24+E24+F24+H24+J24+K24 | M24: =L24/655.957
A25: Avril | B25: =Avril!D7 | C25: =Avril!E7 | D25: =Avril!F7 | E25: =Avril!G7 | F25: =Avril!H7 | G25: =Avril!I7 | H25: =Avril!J7 | I25: =Avril!K7 | ... K25: =Avril!M7 | L25: =B25+C25+D25+E25+F25+H25+J25+K25 | M25: =L25/655.957
A26: Mai | B26: =Mai!D7 | C26: =Mai!E7 | D26: =Mai!F7 | E26: =Mai!G7 | F26: =Mai!H7 | G26: =Mai!I7 | H26: =Mai!J7 | I26: =Mai!K7 | ... K26: =Mai!M7 | L26: =B26+C26+D26+E26+F26+H26+J26+K26 | M26: =L26/655.957
A27: Juin | B27: =Juin!D7 | C27: =Juin!E7 | D27: =Juin!F7 | E27: =Juin!G7 | F27: =Juin!H7 | G27: =Juin!I7 | H27: =Juin!J7 | I27: =Juin!K7 | ... K27: =Juin!M7 | L27: =B27+C27+D27+E27+F27+H27+J27+K27 | M27: =L27/655.957
A28: Juillet | B28: =Juillet!D7 | C28: =Juillet!E7 | D28: =Juillet!F7 | E28: =Juillet!G7 | F28: =Juillet!H7 | G28: =Juillet!I7 | H28: =Juillet!J7 | I28: =Juillet!K7 | ... K28: =Juillet!M7 | L28: =B28+C28+D28+E28+F28+H28+J28+K28 | M28: =L28/655.957
A29: Août | B29: =Aout!D7 | C29: =Aout!E7 | D29: =Aout!F7 | E29: =Aout!G7 | F29: =Aout!H7 | G29: =Aout!I7 | H29: =Aout!J7 | I29: =Aout!K7 | ... K29: =Aout!M7 | L29: =B29+C29+D29+E29+F29+H29+J29+K29 | M29: =L29/655.957
A30: Septembre | B30: =Septembre!D7 | C30: =Septembre!E7 | D30: =Septembre!F7 | E30: =Septembre!G7 | F30: =Septembre!H7 | G30: =Septembre!I7 | H30: =Septembre!J7 | I30: =Septembre!K7 | ... K30: =Septembre!M7 | L30: =B30+C30+D30+E30+F30+H30+J30+K30 | M30: =L30/655.957
A31: Octobre | B31: =Octobre!D7 | C31: =Octobre!E7 | D31: =Octobre!F7 | E31: =Octobre!G7 | F31: =Octobre!H7 | G31: =Octobre!I7 | H31: =Octobre!J7 | I31: =Octobre!K7 | ... K31: =Octobre!M7 | L31: =B31+C31+D31+E31+F31+H31+J31+K31 | M31: =L31/655.957
A32: Novembre | B32: =Novembre!D7 | C32: =Novembre!E7 | D32: =Novembre!F7 | E32: =Novembre!G7 | F32: =Novembre!H7 | G32: =Novembre!I7 | H32: =Novembre!J7 | I32: =Novembre!K7 | ... K32: =Novembre!M7 | L32: =B32+C32+D32+E32+F32+H32+J32+K32 | M32: =L32/655.957
A33: Décembre | B33: =Décembre!D7 | C33: =Décembre!E7 | D33: =Décembre!F7 | E33: =Décembre!G7 | F33: =Décembre!H7 | G33: =Décembre!I7 | H33: =Décembre!J7 | I33: =Décembre!K7 | ... K33: =Décembre!M7 | L33: =B33+C33+D33+E33+F33+H33+J33+K33 | M33: =L33/655.957
A34: Total Annuel (FCFA) | B34: =SUM(B22:B33) | C34: =SUM(C22:C33) | D34: =SUM(D22:D33) | E34: =SUM(E22:E33) | F34: =SUM(F22:F33) | G34: =SUM(G22:G33) | H34: =SUM(H22:H33) | I34: =SUM(I22:I33) | ... L34: =SUM(L22:L33)
A35: Total (€) | B35: =B34/655.957 | C35: =C34/655.957 | D35: =D34/655.957 | E35: =E34/655.957 | F35: =F34/655.957 | G35: =G34/655.957 | H35: =H34/655.957 | I35: =I34/655.957 | ... K35: =K34/655.957 | M35: =L34/655.957
A38: CNR International | B38: Logistique | C38: IMAR | D38: HINT | E38: IAER | F38: EAER | G38: AERIEN | H38: EXPORT | I38: SIRT | J38: Afritramp | K38: Meet & Greet | L38: Total mensuel | M38: Total mensuel
A39: Janvier | B39: =Janvier!D11 | C39: =Janvier!E11 | D39: =Janvier!F11 | E39: =Janvier!G11 | F39: =Janvier!H11 | G39: =Janvier!I11 | H39: =Janvier!J11 | I39: =Janvier!K11 | ... K39: =Janvier!M11 | L39: =B39+C39+D39+E39+F39+H39+J39+K39 | M39: =L39/655.957
A40: Février | B40: =Février!D11 | C40: =Février!E11 | D40: =Février!F11 | E40: =Février!G11 | F40: =Février!H11 | G40: =Février!I11 | H40: =Février!J11 | I40: =Février!K11 | ... K40: =Février!M11 | L40: =B40+C40+D40+E40+F40+H40+J40+K40 | M40: =L40/655.957
A41: Mars | B41: =Mars!D11 | C41: =Mars!E11 | D41: =Mars!F11 | E41: =Mars!G11 | F41: =Mars!H11 | G41: =Mars!I11 | H41: =Mars!J11 | I41: =Mars!K11 | ... K41: =Mars!M11 | L41: =B41+C41+D41+E41+F41+H41+J41+K41 | M41: =L41/655.957
A42: Avril | B42: =Avril!D11 | C42: =Avril!E11 | D42: =Avril!F11 | E42: =Avril!G11 | F42: =Avril!H11 | G42: =Avril!I11 | H42: =Avril!J11 | I42: =Avril!K11 | ... K42: =Avril!M11 | L42: =B42+C42+D42+E42+F42+H42+J42+K42 | M42: =L42/655.957
A43: Mai | B43: =Mai!D11 | C43: =Mai!E11 | D43: =Mai!F11 | E43: =Mai!G11 | F43: =Mai!H11 | G43: =Mai!I11 | H43: =Mai!J11 | I43: =Mai!K11 | ... K43: =Mai!M11 | L43: =B43+C43+D43+E43+F43+H43+J43+K43 | M43: =L43/655.957
A44: Juin | B44: =Juin!D11 | C44: =Juin!E11 | D44: =Juin!F11 | E44: =Juin!G11 | F44: =Juin!H11 | G44: =Juin!I11 | H44: =Juin!J11 | I44: =Juin!K11 | ... K44: =Juin!M11 | L44: =B44+C44+D44+E44+F44+H44+J44+K44 | M44: =L44/655.957
A45: Juillet | B45: =Juillet!D11 | C45: =Juillet!E11 | D45: =Juillet!F11 | E45: =Juillet!G11 | F45: =Juillet!H11 | G45: =Juillet!I40 | H45: =Juillet!J11 | I45: =Juillet!K40 | J45: =Juillet!L11 | K45: =Juillet!M11 | L45: =B45+C45+D45+E45+F45+H45+J45+K45 | M45: =L45/655.957
A46: Août | B46: =Aout!D11 | C46: =Aout!E11 | D46: =Aout!F11 | E46: =Aout!G11 | F46: =Aout!H11 | G46: =Aout!I11 | H46: =Aout!J11 | I46: =Aout!K11 | ... K46: =Aout!M11 | L46: =B46+C46+D46+E46+F46+H46+J46+K46 | M46: =L46/655.957
A47: Septembre | B47: =Septembre!D11 | C47: =Septembre!E11 | D47: =Septembre!F11 | E47: =Septembre!G11 | F47: =Septembre!H11 | G47: =Septembre!I11 | H47: =Septembre!J11 | I47: =Septembre!K11 | ... K47: =Septembre!M11 | L47: =B47+C47+D47+E47+F47+H47+J47+K47 | M47: =L47/655.957
A48: Octobre | B48: =Octobre!D11 | C48: =Octobre!E11 | D48: =Octobre!F11 | E48: =Octobre!G11 | F48: =Octobre!H11 | G48: =Octobre!I11 | H48: =Octobre!J11 | I48: =Octobre!K11 | ... K48: =Octobre!M11 | L48: =B48+C48+D48+E48+F48+H48+J48+K48 | M48: =L48/655.957
A49: Novembre | B49: =Novembre!D11 | C49: =Novembre!E11 | D49: =Novembre!F11 | E49: =Novembre!G11 | F49: =Novembre!H11 | G49: =Novembre!I11 | H49: =Novembre!J11 | I49: =Novembre!K11 | ... K49: =Novembre!M11 | L49: =B49+C49+D49+E49+F49+H49+J49+K49 | M49: =L49/655.957
A50: Décembre | B50: =Décembre!D11 | C50: =Décembre!E11 | D50: =Décembre!F11 | E50: =Décembre!G11 | F50: =Décembre!H11 | G50: =Décembre!I11 | H50: =Décembre!J11 | I50: =Décembre!K11 | ... K50: =Décembre!M11 | L50: =B50+C50+D50+E50+F50+H50+J50+K50 | M50: =L50/655.957
A51: Total Annuel (FCFA) | B51: =SUM(B39:B50) | C51: =SUM(C39:C50) | D51: =SUM(D39:D50) | E51: =SUM(E39:E50) | F51: =SUM(F39:F50) | G51: =SUM(G39:G50) | H51: =SUM(H39:H50) | I51: =SUM(I39:I50) | ... L51: =SUM(L39:L50)
A52: Total (€) | B52: =B51/655.957 | C52: =C51/655.957 | D52: =D51/655.957 | E52: =E51/655.957 | F52: =F51/655.957 | G52: =G51/655.957 | H52: =H51/655.957 | I52: =I51/655.957 | ... K52: =K51/655.957 | M52: =L51/655.957
A55: Foxtrot | B55: Logistique | C55: IMAR | D55: HINT | E55: IAER | F55: EAER | G55: AERIEN | H55: EXPORT | I55: SIRT | J55: Afritramp | K55: Meet & Greet | L55: Total mensuel | M55: Total mensuel
A56: Janvier | B56: =Janvier!D17 | C56: =Janvier!E17 | D56: =Janvier!F17 | E56: =Janvier!G17 | F56: =Janvier!H17 | G56: =Janvier!I17 | H56: =Janvier!J17 | I56: =Janvier!K17 | ... K56: =Janvier!M17 | L56: =B56+C56+D56+E56+F56+H56+J56+K56 | M56: =L56/655.957
A57: Février | B57: =Février!D17 | C57: =Février!E17 | D57: =Février!F17 | E57: =Février!G17 | F57: =Février!H17 | G57: =Février!I17 | H57: =Février!J17 | I57: =Février!K17 | ... K57: =Février!M17 | L57: =B57+C57+D57+E57+F57+H57+J57+K57 | M57: =L57/655.957
A58: Mars | B58: =Mars!D17 | C58: =Mars!E17 | D58: =Mars!F17 | E58: =Mars!G17 | F58: =Mars!H17 | G58: =Mars!I17 | H58: =Mars!J17 | I58: =Mars!K17 | ... K58: =Mars!M17 | L58: =B58+C58+D58+E58+F58+H58+J58+K58 | M58: =L58/655.957
A59: Avril | B59: =Avril!D17 | C59: =Avril!E17 | D59: =Avril!F17 | E59: =Avril!G17 | F59: =Avril!H17 | G59: =Avril!I6 | H59: =Avril!J17 | I59: =Avril!K6 | J59: =Avril!L17 | K59: =Avril!M17 | L59: =B59+C59+D59+E59+F59+H59+J59+K59 | M59: =L59/655.957
A60: Mai | B60: =Mai!D17 | C60: =Mai!E17 | D60: =Mai!F17 | E60: =Mai!G17 | F60: =Mai!H17 | G60: =Mai!I17 | H60: =Mai!J17 | I60: =Mai!K17 | ... K60: =Mai!M17 | L60: =B60+C60+D60+E60+F60+H60+J60+K60 | M60: =L60/655.957
A61: Juin | B61: =Juin!D17 | C61: =Juin!E17 | D61: =Juin!F17 | E61: =Juin!G17 | F61: =Juin!H17 | G61: =Juin!I17 | H61: =Juin!J17 | I61: =Juin!K17 | ... K61: =Juin!M17 | L61: =B61+C61+D61+E61+F61+H61+J61+K61 | M61: =L61/655.957
A62: Juillet | B62: =Juillet!D17 | C62: =Juillet!E17 | D62: =Juillet!F17 | E62: =Juillet!G17 | F62: =Juillet!H17 | G62: =Juillet!I17 | H62: =Juillet!J17 | I62: =Juillet!K17 | ... K62: =Juillet!M17 | L62: =B62+C62+D62+E62+F62+H62+J62+K62 | M62: =L62/655.957
A63: Août | B63: =Aout!D17 | C63: =Aout!E17 | D63: =Aout!F17 | E63: =Aout!G17 | F63: =Aout!H17 | G63: =Aout!I17 | H63: =Aout!J17 | I63: =Aout!K17 | ... K63: =Aout!M17 | L63: =B63+C63+D63+E63+F63+H63+J63+K63 | M63: =L63/655.957
A64: Septembre | B64: =Septembre!D17 | C64: =Septembre!E17 | D64: =Septembre!F17 | E64: =Septembre!G17 | F64: =Septembre!H17 | G64: =Septembre!I17 | H64: =Septembre!J17 | I64: =Septembre!K17 | ... K64: =Septembre!M17 | L64: =B64+C64+D64+E64+F64+H64+J64+K64 | M64: =L64/655.957
A65: Octobre | B65: =Octobre!D17 | C65: =Octobre!E17 | D65: =Octobre!F17 | E65: =Octobre!G17 | F65: =Octobre!H17 | G65: =Octobre!I17 | H65: =Octobre!J17 | I65: =Octobre!K17 | ... K65: =Octobre!M17 | L65: =B65+C65+D65+E65+F65+H65+J65+K65 | M65: =L65/655.957
A66: Novembre | B66: =Novembre!D17 | C66: =Novembre!E17 | D66: =Novembre!F17 | E66: =Novembre!G17 | F66: =Novembre!H17 | G66: =Novembre!I17 | H66: =Novembre!J17 | I66: =Novembre!K17 | ... K66: =Novembre!M17 | L66: =B66+C66+D66+E66+F66+H66+J66+K66 | M66: =L66/655.957
A67: Décembre | B67: =Décembre!D17 | C67: =Décembre!E17 | D67: =Décembre!F17 | E67: =Décembre!G17 | F67: =Décembre!H17 | G67: =Décembre!I17 | H67: =Décembre!J17 | I67: =Décembre!K17 | ... K67: =Décembre!M17 | L67: =B67+C67+D67+E67+F67+H67+J67+K67 | M67: =L67/655.957
A68: Total Annuel (FCFA) | B68: =SUM(B56:B67) | C68: =SUM(C56:C67) | D68: =SUM(D56:D67) | E68: =SUM(E56:E67) | F68: =SUM(F56:F67) | G68: =SUM(G56:G67) | H68: =SUM(H56:H67) | I68: =SUM(I56:I67) | ... L68: =SUM(L56:L67)
A69: Total (€) | B69: =B68/655.957 | C69: =C68/655.957 | D69: =D68/655.957 | E69: =E68/655.957 | F69: =F68/655.957 | G69: =G68/655.957 | H69: =H68/655.957 | I69: =I68/655.957 | ... K69: =K68/655.957 | M69: =L68/655.957
A72: Halliburton | B72: Logistique | C72: IMAR | D72: HINT | E72: IAER | F72: EAER | G72: AERIEN | H72: EXPORT | I72: SIRT | J72: Afritramp | K72: Meet & Greet | L72: Total mensuel | M72: Total mensuel
A73: Janvier | B73: =Janvier!D21 | C73: =Janvier!E21 | D73: =Janvier!F21 | E73: =Janvier!G21 | F73: =Janvier!H21 | G73: =Janvier!I21 | H73: =Janvier!J21 | I73: =Janvier!K21 | ... K73: =Janvier!M21 | L73: =B73+C73+D73+E73+F73+H73+J73+K73 | M73: =L73/655.957
A74: Février | B74: =Février!D21 | C74: =Février!E21 | D74: =Février!F21 | E74: =Février!G21 | F74: =Février!H21 | G74: =Février!I21 | H74: =Février!J21 | I74: =Février!K21 | ... K74: =Février!M21 | L74: =B74+C74+D74+E74+F74+H74+J74+K74 | M74: =L74/655.957
A75: Mars | B75: =Mars!D21 | C75: =Mars!E21 | D75: =Mars!F21 | E75: =Mars!G21 | F75: =Mars!H21 | G75: =Mars!I21 | H75: =Mars!J21 | I75: =Mars!K21 | ... K75: =Mars!M21 | L75: =B75+C75+D75+E75+F75+H75+J75+K75 | M75: =L75/655.957
A76: Avril | B76: =Avril!D21 | C76: =Avril!E21 | D76: =Avril!F21 | E76: =Avril!G21 | F76: =Avril!H21 | G76: =Avril!I21 | H76: =Avril!J21 | I76: =Avril!K21 | ... K76: =Avril!M21 | L76: =B76+C76+D76+E76+F76+H76+J76+K76 | M76: =L76/655.957
A77: Mai | B77: =Mai!D21 | C77: =Mai!E21 | D77: =Mai!F21 | E77: =Mai!G21 | F77: =Mai!H21 | G77: =Mai!I21 | H77: =Mai!J21 | I77: =Mai!K21 | ... K77: =Mai!M21 | L77: =B77+C77+D77+E77+F77+H77+J77+K77 | M77: =L77/655.957
A78: Juin | B78: =Juin!D21 | C78: =Juin!E21 | D78: =Juin!F21 | E78: =Juin!G21 | F78: =Juin!H21 | G78: =Juin!I21 | H78: =Juin!J21 | I78: =Juin!K21 | ... K78: =Juin!M21 | L78: =B78+C78+D78+E78+F78+H78+J78+K78 | M78: =L78/655.957
A79: Juillet | B79: =Juillet!D21 | C79: =Juillet!E21 | D79: =Juillet!F21 | E79: =Juillet!G21 | F79: =Juillet!H21 | G79: =Juillet!I21 | H79: =Juillet!J21 | I79: =Juillet!K21 | ... K79: =Juillet!M21 | L79: =B79+C79+D79+E79+F79+H79+J79+K79 | M79: =L79/655.957
A80: Août | B80: =Aout!D21 | C80: =Aout!E21 | D80: =Aout!F21 | E80: =Aout!G21 | F80: =Aout!H21 | G80: =Aout!I21 | H80: =Aout!J21 | I80: =Aout!K21 | ... K80: =Aout!M21 | L80: =B80+C80+D80+E80+F80+H80+J80+K80 | M80: =L80/655.957
A81: Septembre | B81: =Septembre!D21 | C81: =Septembre!E21 | D81: =Septembre!F21 | E81: =Septembre!G21 | F81: =Septembre!H21 | G81: =Septembre!I21 | H81: =Septembre!J21 | I81: =Septembre!K21 | ... K81: =Septembre!M21 | L81: =B81+C81+D81+E81+F81+H81+J81+K81 | M81: =L81/655.957
A82: Octobre | B82: =Octobre!D21 | C82: =Octobre!E21 | D82: =Octobre!F21 | E82: =Octobre!G21 | F82: =Octobre!H21 | G82: =Octobre!I21 | H82: =Octobre!J21 | I82: =Octobre!K21 | ... K82: =Octobre!M21 | L82: =B82+C82+D82+E82+F82+H82+J82+K82 | M82: =L82/655.957
A83: Novembre | B83: =Novembre!D21 | C83: =Novembre!E21 | D83: =Novembre!F21 | E83: =Novembre!G21 | F83: =Novembre!H21 | G83: =Novembre!I21 | H83: =Novembre!J21 | I83: =Novembre!K21 | ... K83: =Novembre!M21 | L83: =B83+C83+D83+E83+F83+H83+J83+K83 | M83: =L83/655.957
A84: Décembre | B84: =Décembre!D21 | C84: =Décembre!E21 | D84: =Décembre!F21 | E84: =Décembre!G21 | F84: =Décembre!H21 | G84: =Décembre!I21 | H84: =Décembre!J21 | I84: =Décembre!K21 | ... K84: =Décembre!M21 | L84: =B84+C84+D84+E84+F84+H84+J84+K84 | M84: =L84/655.957
A85: Total Annuel (FCFA) | B85: =SUM(B73:B84) | C85: =SUM(C73:C84) | D85: =SUM(D73:D84) | E85: =SUM(E73:E84) | F85: =SUM(F73:F84) | G85: =SUM(G73:G84) | H85: =SUM(H73:H84) | I85: =SUM(I73:I84) | ... L85: =SUM(L73:L84)
A86: Total (€) | B86: =B85/655.957 | C86: =C85/655.957 | D86: =D85/655.957 | E86: =E85/655.957 | F86: =F85/655.957 | G86: =G85/655.957 | H86: =H85/655.957 | I86: =I85/655.957 | ... K86: =K85/655.957 | M86: =L85/655.957
A88: Schlumberger | B88: Logistique | C88: IMAR | D88: HINT | E88: IAER | F88: EAER | G88: AERIEN | H88: EXPORT | I88: SIRT | J88: Afritramp | K88: Meet & Greet | L88: Total mensuel | M88: Total mensuel
A89: Janvier | B89: =Janvier!D38 | C89: =Janvier!E38 | D89: =Janvier!F38 | E89: =Janvier!G38 | F89: =Janvier!H38 | G89: =Janvier!I38 | H89: =Janvier!J38 | I89: =Janvier!K38 | ... K89: =Janvier!M38 | L89: =B89+C89+D89+E89+F89+H89+J89+K89 | M89: =L89/655.957
A90: Février | B90: =Février!D38 | C90: =Février!E38 | D90: =Février!F38 | E90: =Février!G38 | F90: =Février!H38 | G90: =Février!I38 | H90: =Février!J38 | I90: =Février!K38 | ... K90: =Février!M38 | L90: =B90+C90+D90+E90+F90+H90+J90+K90 | M90: =L90/655.957
A91: Mars | B91: =Mars!D38 | C91: =Mars!E38 | D91: =Mars!F38 | E91: =Mars!G38 | F91: =Mars!H38 | G91: =Mars!I38 | H91: =Mars!J38 | I91: =Mars!K38 | ... K91: =Mars!M38 | L91: =B91+C91+D91+E91+F91+H91+J91+K91 | M91: =L91/655.957
A92: Avril | B92: =Avril!D38 | C92: =Avril!E38 | D92: =Avril!F38 | E92: =Avril!G38 | F92: =Avril!H38 | G92: =Avril!I38 | H92: =Avril!J38 | I92: =Avril!K38 | ... K92: =Avril!M38 | L92: =B92+C92+D92+E92+F92+H92+J92+K92 | M92: =L92/655.957
A93: Mai | B93: =Mai!D38 | C93: =Mai!E38 | D93: =Mai!F38 | E93: =Mai!G38 | F93: =Mai!H38 | G93: =Mai!I38 | H93: =Mai!J38 | I93: =Mai!K38 | ... K93: =Mai!M38 | L93: =B93+C93+D93+E93+F93+H93+J93+K93 | M93: =L93/655.957
A94: Juin | B94: =Juin!D38 | C94: =Juin!E38 | D94: =Juin!F38 | E94: =Juin!G38 | F94: =Juin!H38 | G94: =Juin!I38 | H94: =Juin!J38 | I94: =Juin!K38 | ... K94: =Juin!M38 | L94: =B94+C94+D94+E94+F94+H94+J94+K94 | M94: =L94/655.957
A95: Juillet | B95: =Juillet!D38 | C95: =Juillet!E38 | D95: =Juillet!F38 | E95: =Juillet!G38 | F95: =Juillet!H38 | G95: =Juillet!I38 | H95: =Juillet!J38 | I95: =Juillet!K38 | ... K95: =Juillet!M38 | L95: =B95+C95+D95+E95+F95+H95+J95+K95 | M95: =L95/655.957
A96: Août | B96: =Aout!D38 | C96: =Aout!E38 | D96: =Aout!F38 | E96: =Aout!G38 | F96: =Aout!H38 | G96: =Aout!I38 | H96: =Aout!J38 | I96: =Aout!K38 | ... K96: =Aout!M38 | L96: =B96+C96+D96+E96+F96+H96+J96+K96 | M96: =L96/655.957
A97: Septembre | B97: =Septembre!D38 | C97: =Septembre!E38 | D97: =Septembre!F38 | E97: =Septembre!G38 | F97: =Septembre!H38 | G97: =Septembre!I38 | H97: =Septembre!J38 | I97: =Septembre!K38 | ... K97: =Septembre!M38 | L97: =B97+C97+D97+E97+F97+H97+J97+K97 | M97: =L97/655.957
A98: Octobre | B98: =Octobre!D38 | C98: =Octobre!E38 | D98: =Octobre!F38 | E98: =Octobre!G38 | F98: =Octobre!H38 | G98: =Octobre!I38 | H98: =Octobre!J38 | I98: =Octobre!K38 | ... K98: =Octobre!M38 | L98: =B98+C98+D98+E98+F98+H98+J98+K98 | M98: =L98/655.957
A99: Novembre | B99: =Novembre!D38 | C99: =Novembre!E38 | D99: =Novembre!F38 | E99: =Novembre!G38 | F99: =Novembre!H38 | G99: =Novembre!I38 | H99: =Novembre!J38 | I99: =Novembre!K38 | ... K99: =Novembre!M38 | L99: =B99+C99+D99+E99+F99+H99+J99+K99 | M99: =L99/655.957
A100: Décembre | B100: =Décembre!D38 | C100: =Décembre!E38 | D100: =Décembre!F38 | E100: =Décembre!G38 | F100: =Décembre!H38 | G100: =Décembre!I38 | H100: =Décembre!J38 | I100: =Décembre!K38 | ... K100: =Décembre!M38 | L100: =B100+C100+D100+E100+F100+H100+J100+K100 | M100: =L100/655.957
A101: Total Annuel (FCFA) | B101: =SUM(B89:B100) | C101: =SUM(C89:C100) | D101: =SUM(D89:D100) | E101: =SUM(E89:E100) | F101: =SUM(F89:F100) | G101: =SUM(G89:G100) | H101: =SUM(H89:H100) | I101: =SUM(I89:I100) | ... L101: =SUM(L89:L100)
A102: Total (€) | B102: =B101/655.957 | C102: =C101/655.957 | D102: =D101/655.957 | E102: =E101/655.957 | F102: =F101/655.957 | G102: =G101/655.957 | H102: =H101/655.957 | I102: =I101/655.957 | ... K102: =K101/655.957 | M102: =L101/655.957
A105: Total E&P | B105: Logistique | C105: IMAR | D105: HINT | E105: IAER | F105: EAER | G105: AERIEN | H105: EXPORT | I105: SIRT | J105: Afritramp | K105: Meet & Greet | L105: Total mensuel | M105: Total mensuel
A106: Janvier | B106: =Janvier!D45 | C106: =Janvier!E45 | D106: =Janvier!F45 | E106: =Janvier!G45 | F106: =Janvier!H45 | G106: =Janvier!I45 | H106: =Janvier!J45 | I106: =Janvier!K45 | ... K106: =Janvier!M45 | L106: =B106+C106+D106+E106+F106+H106+J106+K106 | M106: =L106/655.957
A107: Février | B107: =Février!D45 | C107: =Février!E45 | D107: =Février!F45 | E107: =Février!G45 | F107: =Février!H45 | G107: =Février!I45 | H107: =Février!J45 | I107: =Février!K45 | ... K107: =Février!M45 | L107: =B107+C107+D107+E107+F107+H107+J107+K107 | M107: =L107/655.957
A108: Mars | B108: =Mars!D45 | C108: =Mars!E45 | D108: =Mars!F45 | E108: =Mars!G45 | F108: =Mars!H45 | G108: =Mars!I45 | H108: =Mars!J45 | I108: =Mars!K45 | ... K108: =Mars!M45 | L108: =B108+C108+D108+E108+F108+H108+J108+K108 | M108: =L108/655.957
A109: Avril | B109: =Avril!D45 | C109: =Avril!E45 | D109: =Avril!F45 | E109: =Avril!G45 | F109: =Avril!H45 | G109: =Avril!I45 | H109: =Avril!J45 | I109: =Avril!K45 | ... K109: =Avril!M45 | L109: =B109+C109+D109+E109+F109+H109+J109+K109 | M109: =L109/655.957
A110: Mai | B110: =Mai!D45 | C110: =Mai!E45 | D110: =Mai!F45 | E110: =Mai!G45 | F110: =Mai!H45 | G110: =Mai!I45 | H110: =Mai!J45 | I110: =Mai!K45 | ... K110: =Mai!M45 | L110: =B110+C110+D110+E110+F110+H110+J110+K110 | M110: =L110/655.957
A111: Juin | B111: =Juin!D45 | C111: =Juin!E45 | D111: =Juin!F45 | E111: =Juin!G45 | F111: =Juin!H45 | G111: =Juin!I45 | H111: =Juin!J45 | I111: =Juin!K45 | ... K111: =Juin!M45 | L111: =B111+C111+D111+E111+F111+H111+J111+K111 | M111: =L111/655.957
A112: Juillet | B112: =Juillet!D45 | C112: =Juillet!E45 | D112: =Juillet!F45 | E112: =Juillet!G45 | F112: =Juillet!H45 | G112: =Juillet!I45 | H112: =Juillet!J45 | I112: =Juillet!K45 | ... K112: =Juillet!M45 | L112: =B112+C112+D112+E112+F112+H112+J112+K112 | M112: =L112/655.957
A113: Août | B113: =Aout!D45 | C113: =Aout!E45 | D113: =Aout!F45 | E113: =Aout!G45 | F113: =Aout!H45 | G113: =Aout!I45 | H113: =Aout!J45 | I113: =Aout!K45 | ... K113: =Aout!M45 | L113: =B113+C113+D113+E113+F113+H113+J113+K113 | M113: =L113/655.957
A114: Septembre | B114: =Septembre!D45 | C114: =Septembre!E45 | D114: =Septembre!F45 | E114: =Septembre!G45 | F114: =Septembre!H45 | G114: =Septembre!I45 | H114: =Septembre!J45 | I114: =Septembre!K45 | ... K114: =Septembre!M45 | L114: =B114+C114+D114+E114+F114+H114+J114+K114 | M114: =L114/655.957
...
